{
  "aquifers_enabled": false,
  "ore_veins_enabled": false,
  "legacy_random_source": true,
  "spawn_target": [],
  "sea_level": 0,
  "disable_mob_generation": true,
  "default_fluid": {
    "Name": "minecraft:air"
  },
  "noise_router": {
    "final_density": {
      "argument": {
        "argument1": 0.64,
        "argument2": {
          "argument": {
            "argument": {
              "argument1": -0.234375,
              "argument2": {
                "argument1": {
                  "from_y": 4,
                  "to_y": 32,
                  "from_value": 0.0,
                  "to_value": 1.0,
                  "type": "minecraft:y_clamped_gradient"
                },
                "argument2": {
                  "argument1": 0.234375,
                  "argument2": {
                    "argument1": -23.4375,
                    "argument2": {
                      "argument1": {
                        "from_y": 56,
                        "to_y": 312,
                        "from_value": 1.0,
                        "to_value": 0.0,
                        "type": "minecraft:y_clamped_gradient"
                      },
                      "argument2": {
                        "argument1": 23.4375,
                        "argument2": "minecraft:end/sloped_cheese",
                        "type": "minecraft:add"
                      },
                      "type": "minecraft:mul"
                    },
                    "type": "minecraft:add"
                  },
                  "type": "minecraft:add"
                },
                "type": "minecraft:mul"
              },
              "type": "minecraft:add"
            },
            "type": "minecraft:blend_density"
          },
          "type": "minecraft:interpolated"
        },
        "type": "minecraft:mul"
      },
      "type": "minecraft:squeeze"
    },
    "vein_toggle": 0.0,
    "vein_ridged": 0.0,
    "vein_gap": 0.0,
    "erosion": {
      "argument": {
        "type": "minecraft:end_islands"
      },
      "type": "minecraft:cache_2d"
    },
    "depth": 0.0,
    "ridges": 0.0,
    "initial_density_without_jaggedness": {
      "argument1": -0.234375,
      "argument2": {
        "argument1": {
          "from_y": 4,
          "to_y": 32,
          "from_value": 0.0,
          "to_value": 1.0,
          "type": "minecraft:y_clamped_gradient"
        },
        "argument2": {
          "argument1": 0.234375,
          "argument2": {
            "argument1": -23.4375,
            "argument2": {
              "argument1": {
                "from_y": 56,
                "to_y": 312,
                "from_value": 1.0,
                "to_value": 0.0,
                "type": "minecraft:y_clamped_gradient"
              },
              "argument2": {
                "argument1": 23.4375,
                "argument2": {
                  "argument1": -0.703125,
                  "argument2": {
                    "argument": {
                      "type": "minecraft:end_islands"
                    },
                    "type": "minecraft:cache_2d"
                  },
                  "type": "minecraft:add"
                },
                "type": "minecraft:add"
              },
              "type": "minecraft:mul"
            },
            "type": "minecraft:add"
          },
          "type": "minecraft:add"
        },
        "type": "minecraft:mul"
      },
      "type": "minecraft:add"
    },
    "lava": 0.0,
    "temperature": 0.0,
    "vegetation": 0.0,
    "continents": 0.0,
    "barrier": 0.0,
    "fluid_level_floodedness": 0.0,
    "fluid_level_spread": 0.0
  },
  "surface_rule": {
    "result_state": {
      "Name": "minecraft:end_stone"
    },
    "type": "minecraft:block"
  },
  "noise": {
    "min_y": 0,
    "height": 128,
    "size_horizontal": 2,
    "size_vertical": 1
  },
  "default_block": {
    "Name": "minecraft:end_stone"
  }
}