{
  "argument": {
    "argument1": {
      "argument1": -0.05,
      "argument2": {
        "argument1": -0.05,
        "argument2": {
          "noise": "minecraft:spaghetti_roughness_modulator",
          "xz_scale": 1.0,
          "y_scale": 1.0,
          "type": "minecraft:noise"
        },
        "type": "minecraft:mul"
      },
      "type": "minecraft:add"
    },
    "argument2": {
      "argument1": -0.4,
      "argument2": {
        "argument": {
          "noise": "minecraft:spaghetti_roughness",
          "xz_scale": 1.0,
          "y_scale": 1.0,
          "type": "minecraft:noise"
        },
        "type": "minecraft:abs"
      },
      "type": "minecraft:add"
    },
    "type": "minecraft:mul"
  },
  "type": "minecraft:cache_once"
}